model,best_score,balanced_accuracy_train,balanced_accuracy_test,f1_weighted_train,f1_weighted_test,roc_auc_ovr_weighted_train,roc_auc_ovr_weighted_test,precision_train,precision_test,accuracy_train,accuracy_test
KNN,0.48005146167252927,0.7818211866965639,0.11340928121129079,0.8296096180135207,0.6186215505225421,0.9389305440047202,0.4283868156911216,0.8822723249032318,0.6176567128748811,0.8354430379746836,0.6195995785036881
AdaBoost,0.8466842493450283,0.125,0.125,0.7050646699299079,0.7049983427081633,0.8500200721535,0.8489222498832352,0.6330149442975663,0.6329384488802479,0.7956223628691983,0.7955742887249737
GBDT,0.81250761963415,0.46195285403288944,0.18781672015186465,0.8159308397212779,0.6582318089494659,0.9247150069867984,0.808588139077471,0.8125249331511148,0.6545489870869855,0.8272679324894515,0.6628029504741834
RF,0.8662909934712946,0.8423555657590662,0.8195726859377856,0.701860252511085,0.6923243593164919,0.8775987032971051,0.8680108354887335,0.8616879584049776,0.8599052752833201,0.6595464135021097,0.649104320337197
LightGBM,0.8339551190614971,0.4427649577845702,0.18605764145821932,0.8088133877261465,0.6664180984622029,0.9228340244466982,0.8238564666967778,0.8083485146053754,0.6567597253439666,0.8241033755274262,0.6775553213909379
